Commuting Zone,czname,ncollege,nfouryr,nfouryrpriv,npub,nelite,hascollege,Income Age 26 Slope,Income Age 26 Intercept,College Age 19 Slope,College Age 19 Intercept,Number of Children,Birth Cohort
100,Johnson City,7,5,4,3,0,1,0.30025000000000002,0.34132000000000001,0.90307000000000004,-0.017690000000000001,6341,1986
200,Morristown,3,1,1,2,0,1,0.29099999999999998,0.35138999999999998,0.80178000000000005,0.011259999999999999,2671,1986
301,Middlesborough,1,1,1,0,0,1,0.28055000000000002,0.34623999999999999,0.78158000000000005,0.038210000000000001,819,1986
302,Knoxville,6,3,2,4,0,1,0.29637000000000002,0.34460000000000002,0.90656000000000003,0.015910000000000001,8472,1986
401,Winston-Salem,6,4,2,4,1,1,0.27700000000000002,0.34372999999999998,0.73431999999999997,0.21590000000000001,5965,1986
402,Martinsville,1,0,0,1,0,1,0.34573999999999999,0.33566000000000001,0.78800999999999999,0.11441999999999999,1141,1986
500,Greensboro,14,8,6,8,1,1,0.33019999999999999,0.31559999999999999,0.77290999999999999,0.17404,12467,1986
601,North Wilkesboro,1,0,0,1,0,1,0.33767000000000003,0.34681000000000001,0.79574,0.19419,972,1986
602,Galax,0,0,0,0,0,0,0.35093999999999997,0.38122,0.96621000000000001,0.060589999999999998,622,1986
700,Spartanburg,5,3,3,1,1,1,0.31226999999999999,0.33289999999999997,0.77705999999999997,0.16688,4253,1986
800,Gastonia,5,2,2,3,0,1,0.33966000000000002,0.33035999999999999,0.78512000000000004,0.15307999999999999,5280,1986
900,Charlotte,12,7,5,6,1,1,0.30829000000000001,0.32713999999999999,0.76873000000000002,0.14543,17865,1986
1001,Boone,3,2,1,2,0,1,0.26926,0.35419,0.83540000000000003,0.11672,813,1986
1002,Morganton,2,0,0,2,0,1,0.35122999999999999,0.33633999999999997,0.79469000000000001,0.15470999999999999,1853,1986
1100,Hickory,4,1,1,3,0,1,0.31107000000000001,0.34373999999999999,0.79215000000000002,0.14047999999999999,4426,1986
1201,Franklin,0,0,0,0,0,0,0.26544000000000001,0.37813000000000002,0.86936999999999998,0.072730000000000003,453,1986
1202,Sylva,2,1,0,2,0,1,0.19639999999999999,0.40838999999999998,0.71164000000000005,0.21293999999999999,555,1986
1203,Asheville,7,4,3,4,0,1,0.28875000000000001,0.35034999999999999,0.79493000000000003,0.14363000000000001,4248,1986
1204,Andrews,2,1,1,1,0,1,0.24123,0.38612999999999997,0.62417999999999996,0.18689,591,1986
1301,Bennettsville,1,0,0,1,0,1,0.42442999999999997,0.27556999999999998,0.78993999999999998,0.14224999999999999,1022,1986
1302,Florence,6,3,1,5,0,1,0.31857000000000002,0.31047000000000002,0.77244999999999997,0.15704000000000001,7158,1986
1400,Fayetteville,8,3,1,7,0,1,0.29194999999999999,0.31474999999999997,0.68989999999999996,0.21809999999999999,8957,1986
1500,Wilmington,5,1,0,5,0,1,0.28437000000000001,0.31777,0.68520999999999999,0.22961999999999999,4052,1986
1600,Wilson,5,2,2,3,0,1,0.35431000000000001,0.29366999999999999,0.73380999999999996,0.19384000000000001,2927,1986
1701,Raleigh,15,10,6,8,2,1,0.28974,0.33240999999999998,0.75827999999999995,0.19883999999999999,16251,1986
1702,Henderson,1,0,0,1,0,1,0.34190999999999999,0.29748000000000002,0.55542999999999998,0.23837,835,1986
1800,Goldsboro,4,1,1,3,0,1,0.31511,0.33202999999999999,0.67403000000000002,0.24934999999999999,2728,1986
1900,Jacksonville,6,1,0,6,0,1,0.29354000000000002,0.33607999999999999,0.71055000000000001,0.21265000000000001,6588,1986
2000,Virginia Beach,8,5,1,5,0,1,0.29320000000000002,0.33348,0.75234999999999996,0.092160000000000006,15904,1986
2100,Washington,2,0,0,2,0,1,0.32217000000000001,0.31669000000000003,0.65995000000000004,0.26618999999999998,1524,1986
2200,South Boston,3,2,1,2,0,1,0.33100000000000002,0.33746999999999999,0.86373999999999995,0.04759,1842,1986
2300,Lynchburg,3,2,2,1,0,1,0.36159000000000002,0.32751000000000002,0.92083000000000004,0.041110000000000001,2852,1986
2400,Richmond,8,4,2,5,1,1,0.32656000000000002,0.32034000000000001,0.83426,0.074469999999999995,14039,1986
2500,Newport News,6,3,1,5,1,1,0.31252999999999997,0.33817000000000003,0.76305000000000001,0.10644000000000001,8088,1986
2600,Roanoke Rapids,2,0,0,2,0,1,0.38815,0.29109000000000002,0.75278,0.22059999999999999,1957,1986
2700,Gulfport,2,0,0,2,0,1,0.28055999999999998,0.35826999999999998,0.75580000000000003,0.057779999999999998,6188,1986
2800,Laurel,1,0,0,1,0,1,0.34786,0.3765,0.75058999999999998,0.018319999999999999,1512,1986
2900,Hattiesburg,2,2,1,1,0,1,0.30409999999999998,0.35515000000000002,0.74707000000000001,0.055789999999999999,2214,1986
3001,Kosciusko,1,0,0,1,0,1,0.36697999999999997,0.29105999999999999,0.54981000000000002,0.12361999999999999,646,1986
3002,Yazoo City,0,0,0,0,0,0,0.41342000000000001,0.27272000000000002,0.74792999999999998,0.14526,612,1986
3003,Jackson,8,4,3,3,0,1,0.33698,0.30919999999999997,0.74546999999999997,0.14577999999999999,7767,1986
3101,McComb,1,0,0,1,0,1,0.30042000000000002,0.36465999999999998,0.66591,0.19649,1443,1986
3102,Brookhaven,0,0,0,0,0,0,0.42871999999999999,0.33405000000000001,0.67515000000000003,0.22669,650,1986
3201,Jena,0,0,0,0,0,0,0.37104999999999999,0.42647000000000002,0.53793999999999997,0.15107000000000001,366,1986
3202,Natchez,0,0,0,0,0,0,0.34062999999999999,0.33361000000000002,0.71067999999999998,0.18376999999999999,999,1986
3203,Vicksburg,0,0,0,0,0,0,0.36370000000000002,0.28223999999999999,0.68425000000000002,0.16145000000000001,1199,1986
3300,New Orleans,9,6,4,4,1,1,0.27457999999999999,0.33549000000000001,0.75251000000000001,0.13704,20091,1986
3400,Houma,1,1,0,1,0,1,0.31697999999999998,0.39251999999999998,0.67803000000000002,0.12511,4198,1986
3500,Baton Rouge,7,4,1,5,0,1,0.31994,0.34633999999999998,0.65407999999999999,0.13603000000000001,11765,1986
3600,Alexandria,1,1,1,0,0,1,0.33437,0.35139999999999999,0.78576999999999997,0.092130000000000004,2746,1986
3700,Lake Charles,1,1,0,1,0,1,0.26674999999999999,0.39526,0.75919000000000003,0.10586,4862,1986
3800,Lafayette,1,1,0,1,0,1,0.30641000000000002,0.37824000000000002,0.69416999999999995,0.14046,8458,1986
3901,Monroe,1,1,0,1,0,1,0.32935999999999999,0.3372,0.65636000000000005,0.079269999999999993,3823,1986
3902,Lake Providence,0,0,0,0,0,0,0.49603000000000003,0.31308000000000002,0.52512000000000003,0.065769999999999995,339,1986
4001,Magnolia,1,1,0,1,0,1,0.44224999999999998,0.30826999999999999,0.72719999999999996,0.19164999999999999,481,1986
4002,Shreveport,4,3,1,3,0,1,0.34276000000000001,0.32172000000000001,0.80222000000000004,0.069129999999999997,7350,1986
4003,Ruston,2,2,0,2,0,1,0.36873,0.33106000000000002,0.87970000000000004,0.05552,958,1986
4004,Many,0,0,0,0,0,0,0.59392,0.32340999999999998,0.62399000000000004,0.085370000000000001,303,1986
4101,Crossett,0,0,0,0,0,0,0.32639000000000001,0.3412,0.59216000000000002,0.20039000000000001,327,1986
4102,Pine Bluff,3,2,0,3,0,1,0.35558000000000001,0.31123000000000001,0.60496000000000005,0.22839000000000001,2308,1986
4103,El Dorado,1,0,0,1,0,1,0.36022999999999999,0.35309000000000001,0.71470999999999996,0.12745000000000001,1269,1986
4200,Little Rock,7,4,2,4,1,1,0.30667,0.34317999999999999,0.72385999999999995,0.15081,8355,1986
4301,Stuttgart,0,0,0,0,0,0,0.3417,0.36298999999999998,0.93266000000000004,0.10147,541,1986
4302,Searcy,2,1,1,1,0,1,0.30195,0.39468999999999999,0.75910999999999995,0.14874000000000001,1225,1986
4401,London,2,2,2,0,0,1,0.25577,0.34749999999999998,0.79471999999999998,0.031280000000000002,1742,1986
4402,Richmond,1,1,0,1,0,1,0.28489999999999999,0.34743000000000002,0.80818000000000001,0.019189999999999999,1290,1986
4501,West Liberty,0,0,0,0,0,0,0.28455000000000003,0.34523999999999999,0.78841000000000006,0.067379999999999995,516,1986
4502,Hazard,0,0,0,0,0,0,0.24374000000000001,0.39015,0.67750999999999995,0.0078499999999999993,1450,1986
4601,Campbellsville,2,2,2,0,0,1,0.29036000000000001,0.38929999999999998,0.81077999999999995,0.16450000000000001,908,1986
4602,Somerset,0,0,0,0,0,0,0.30997000000000002,0.34710000000000002,0.82981000000000005,-0.01272,1450,1986
4701,Greenwood,1,1,0,1,0,1,0.43552000000000002,0.25823000000000002,0.70760000000000001,0.084699999999999998,1183,1986
4702,Clarksdale,1,1,0,1,0,1,0.33954000000000001,0.29838999999999999,0.81552999999999998,0.0058199999999999997,2044,1986
4800,Greenville,2,1,0,2,0,1,0.38174000000000002,0.25907999999999998,0.71704000000000001,0.058270000000000002,2369,1986
4901,Jackson,4,2,2,2,0,1,0.36219000000000001,0.31846999999999998,0.88436999999999999,0.085339999999999999,2556,1986
4902,Dyersburg,1,0,0,1,0,1,0.39740999999999999,0.31591000000000002,0.82223999999999997,0.06055,1211,1986
4903,Lexington,0,0,0,0,0,0,0.26097999999999999,0.38338,0.84991000000000005,0.11174000000000001,498,1986
5000,Tupelo,1,0,0,1,0,1,0.34714,0.34425,0.62929000000000002,0.047879999999999999,2981,1986
5100,Corinth,1,0,0,1,0,1,0.34721000000000002,0.35755999999999999,0.76783999999999997,0.063130000000000006,1453,1986
5201,New Albany,0,0,0,0,0,0,0.33617000000000002,0.38974999999999999,0.70504999999999995,0.057329999999999999,693,1986
5202,Memphis,7,4,3,4,1,1,0.32302999999999998,0.29914000000000002,0.78222999999999998,0.079490000000000005,16672,1986
5300,West Memphis,3,0,0,3,0,1,0.37979000000000002,0.29813000000000001,0.68986000000000003,0.12548000000000001,2174,1986
5401,Bowling Green,1,1,0,1,0,1,0.29103000000000001,0.36303999999999997,0.86338000000000004,0.10236000000000001,1931,1986
5402,Glasgow,0,0,0,0,0,0,0.31423000000000001,0.37419999999999998,0.74848000000000003,0.13908999999999999,1094,1986
5500,Columbia,2,1,1,1,0,1,0.31368000000000001,0.34727000000000002,0.77778999999999998,0.025010000000000001,2118,1986
5600,Nashville,11,7,5,4,1,1,0.26943,0.35981999999999997,0.79705000000000004,0.092340000000000005,15368,1986
5700,Tullahoma,3,1,1,2,1,1,0.30402000000000001,0.37520999999999999,0.85665000000000002,-0.00035,1564,1986
5800,Dickson,2,1,1,1,0,1,0.29943999999999998,0.36986999999999998,0.73555999999999999,0.12238,1778,1986
5900,Clarksville,1,1,0,1,0,1,0.30599999999999999,0.34072999999999998,0.72211999999999998,0.089529999999999998,3293,1986
6000,Huntsville,3,2,0,3,0,1,0.26388,0.36614000000000002,0.81925000000000003,0.087940000000000004,6744,1986
6100,Gadsden,3,0,0,3,0,1,0.29515999999999998,0.37752999999999998,0.85824999999999996,-0.0064200000000000004,3745,1986
6200,Florence,2,1,0,2,0,1,0.30840000000000001,0.37823000000000001,0.91281000000000001,0.025389999999999999,2908,1986
6301,McMinnville,0,0,0,0,0,0,0.33767000000000003,0.35405999999999999,0.77988000000000002,0.041309999999999999,1014,1986
6302,Cookeville,1,1,0,1,0,1,0.28644999999999998,0.36814999999999998,0.88934999999999997,0.05738,1140,1986
6401,Chattanooga,3,2,2,1,0,1,0.27997,0.34370000000000001,0.78071999999999997,0.10674,6040,1986
6402,Crossville,1,1,1,0,0,1,0.30531999999999998,0.37716,0.79905999999999999,0.057160000000000002,1172,1986
6501,Ellijay,0,0,0,0,0,0,0.27972000000000002,0.36441000000000001,0.55581999999999998,0.045199999999999997,460,1986
6502,Cleveland,3,2,2,1,0,1,0.27550999999999998,0.36997000000000002,0.78539000000000003,0.077770000000000006,2333,1986
6600,Rome,4,3,2,2,0,1,0.27872000000000002,0.35165000000000002,0.71235000000000004,0.020449999999999999,5276,1986
6700,Tampa,12,8,5,6,0,1,0.25413000000000002,0.33328999999999998,0.76032,0.078909999999999994,24887,1986
6800,Lakeland,6,5,3,3,0,1,0.30246000000000001,0.3291,0.75695999999999997,0.044080000000000001,7316,1986
6900,Sarasota,2,2,1,1,0,1,0.22306000000000001,0.36123,0.71772000000000002,0.12992000000000001,6956,1986
7000,Miami,14,11,6,5,1,1,0.16974,0.37714999999999999,0.62141999999999997,0.24998000000000001,45895,1986
7100,Port St. Lucie,7,5,2,3,0,1,0.2253,0.34982000000000002,0.65332999999999997,0.16908000000000001,16646,1986
7200,Cape Coral,7,4,1,4,0,1,0.23296,0.35603000000000001,0.66363000000000005,0.09257,6145,1986
7300,Palm Bay,2,2,1,1,0,1,0.22556999999999999,0.34997,0.70886000000000005,0.13618,6929,1986
7400,Orlando,12,8,2,5,1,1,0.24388000000000001,0.34378999999999998,0.70172999999999996,0.13869000000000001,21283,1986
7500,Deltona,5,5,3,2,0,1,0.24077999999999999,0.33673999999999998,0.73801000000000005,0.071470000000000006,6195,1986
7600,Jacksonville,4,4,2,2,0,1,0.27709,0.32726,0.73234999999999995,0.086360000000000006,16594,1986
7700,Lake City,2,1,0,2,0,1,0.34809000000000001,0.32063999999999998,0.64936000000000005,0.02027,1913,1986
7800,Ocala,1,1,0,1,0,1,0.27339999999999998,0.32895999999999997,0.67857999999999996,0.11139,4014,1986
7900,Gainesville,2,2,0,2,1,1,0.24237,0.33254,0.71480999999999995,0.13644000000000001,3674,1986
8000,Sumter,1,0,0,1,0,1,0.31606000000000001,0.31829000000000002,0.75268000000000002,0.12917999999999999,3047,1986
8100,Columbia,8,6,4,4,0,1,0.30658999999999997,0.32355,0.78025999999999995,0.17427000000000001,9303,1986
8201,Barnwell,0,0,0,0,0,0,0.36602000000000001,0.30001,0.82235999999999998,0.11388,1129,1986
8202,Charleston,4,3,1,3,0,1,0.27757999999999999,0.33709,0.69913999999999998,0.16314999999999999,8014,1986
8300,Greenville,11,8,6,5,2,1,0.29218,0.34661999999999998,0.78420999999999996,0.14656,10801,1986
8401,Aiken,3,1,1,2,0,1,0.30925000000000002,0.30775999999999998,0.78956999999999999,0.075249999999999997,7645,1986
8402,Washington,0,0,0,0,0,0,0.34639999999999999,0.29897000000000001,0.76232,0.068239999999999995,458,1986
8501,Fitzgerald,0,0,0,0,0,0,0.33102999999999999,0.33101000000000003,0.88492999999999999,0.026919999999999999,412,1986
8502,Cordele,0,0,0,0,0,0,0.33069999999999999,0.30670999999999998,0.65737999999999996,0.076520000000000005,659,1986
8503,Valdosta,3,2,0,3,0,1,0.31680999999999998,0.31112000000000001,0.78447999999999996,0.056500000000000002,3418,1986
8601,Waycross,2,1,0,2,0,1,0.33900000000000002,0.32416,0.77236000000000005,0.059470000000000002,1536,1986
8602,Brunswick,1,1,0,1,0,1,0.2757,0.31836999999999999,0.65571999999999997,0.12601999999999999,1222,1986
8701,Hinesville,1,0,0,1,0,1,0.31559999999999999,0.31333,0.71021000000000001,0.055199999999999999,1929,1986
8702,Statesboro,3,2,0,3,0,1,0.35566999999999999,0.29476000000000002,0.79718,0.077789999999999998,1370,1986
8800,Savannah,4,3,1,3,0,1,0.29122999999999999,0.32038,0.67769999999999997,0.078109999999999999,5644,1986
8900,Macon,4,3,1,3,0,1,0.31641999999999998,0.31479000000000001,0.72506999999999999,0.091859999999999997,5503,1986
9001,Vidalia,2,1,1,1,0,1,0.30946000000000001,0.34267999999999998,0.71460999999999997,0.083729999999999999,1371,1986
9002,Milledgeville,2,1,0,2,0,1,0.32618999999999998,0.29687000000000002,0.73150999999999999,0.086120000000000002,991,1986
9003,Dublin,0,0,0,0,0,0,0.38530999999999999,0.28206999999999999,0.84213000000000005,0.039640000000000002,1042,1986
9100,Atlanta,20,13,7,11,3,1,0.2676,0.32230999999999999,0.68996999999999997,0.12565000000000001,38365,1986
9200,Griffin,1,1,0,1,0,1,0.32483000000000001,0.31231999999999999,0.60377999999999998,0.054859999999999999,1833,1986
9301,Winder,2,1,0,2,1,1,0.24165,0.33089000000000002,0.81584999999999996,0.02247,2177,1986
9302,Toccoa,1,1,1,0,0,1,0.36408000000000001,0.32291999999999998,0.84579000000000004,-0.0089999999999999993,1114,1986
9400,Gainesville,6,4,3,3,0,1,0.25157000000000002,0.38149,0.72058999999999995,0.044220000000000002,3139,1986
9500,Talladega,0,0,0,0,0,0,0.33149000000000001,0.33815000000000001,0.68674999999999997,0.027230000000000001,1895,1986
9600,LaGrange,5,3,1,4,0,1,0.30480000000000002,0.34741,0.73050999999999999,0.042189999999999998,6329,1986
9701,Columbus,3,1,0,3,0,1,0.25387999999999999,0.33953,0.74099999999999999,0.050290000000000001,4403,1986
9702,Americus,2,1,0,2,0,1,0.38512999999999997,0.31136999999999998,0.45029000000000002,0.070129999999999998,753,1986
9800,Auburn,2,2,1,1,0,1,0.30419000000000002,0.32285000000000003,0.84114999999999995,0.05747,1669,1986
9900,Tallahassee,5,3,0,5,0,1,0.24209,0.32393,0.87402999999999997,-0.00139,5147,1986
10000,Panama City,1,1,0,1,0,1,0.27898000000000001,0.34727999999999998,0.75241000000000002,0.024320000000000001,2296,1986
10101,Bainbridge,1,0,0,1,0,1,0.31419000000000002,0.32566000000000001,0.51259999999999994,0.37634000000000001,618,1986
10102,Thomasville,1,0,0,1,0,1,0.35221999999999998,0.30185000000000001,0.82759000000000005,0.057239999999999999,977,1986
10200,Albany,3,1,0,3,0,1,0.33150000000000002,0.27853,0.70576000000000005,0.089029999999999998,2564,1986
10301,Eufaula,0,0,0,0,0,0,0.43147000000000002,0.27528999999999998,0.86141999999999996,0.088929999999999995,808,1986
10302,Dothan,2,0,0,2,0,1,0.30748999999999999,0.35615000000000002,0.86277999999999999,0.059429999999999997,3149,1986
10400,Meridian,3,0,0,3,0,1,0.38192999999999999,0.31546000000000002,0.65276999999999996,0.082680000000000003,2148,1986
10501,Columbus,1,1,0,1,0,1,0.35211999999999999,0.30584,0.65090999999999999,0.22448000000000001,1415,1986
10502,Starkville,1,1,0,1,0,1,0.39461000000000002,0.28144000000000002,0.68235999999999997,0.14130000000000001,1296,1986
10600,Jasper,1,0,0,1,0,1,0.29502,0.39171,0.84631000000000001,0.0072899999999999996,2112,1986
10700,Birmingham,7,5,2,4,0,1,0.29475000000000001,0.34853000000000001,0.85458999999999996,0.057570000000000003,13510,1986
10801,Tuscaloosa,3,2,1,2,0,1,0.34926000000000001,0.32139000000000001,0.85951,0.10256999999999999,3549,1986
10802,Demopolis,1,1,0,1,0,1,0.35937999999999998,0.31641000000000002,0.79232999999999998,0.13605,947,1986
10900,Pensacola,3,3,0,3,0,1,0.25680999999999998,0.35231000000000001,0.77151000000000003,0.066129999999999994,8144,1986
11001,Mobile,5,3,2,3,0,1,0.31163999999999997,0.34234999999999999,0.80061000000000004,0.05033,8610,1986
11002,Atmore,3,0,0,3,0,1,0.31246000000000002,0.34869,0.72841999999999996,0.02614,1084,1986
11101,Montgomery,4,3,2,2,0,1,0.33787,0.31373000000000001,0.83892,0.052729999999999999,5350,1986
11102,Troy,2,1,0,2,0,1,0.38195000000000001,0.34944999999999998,0.79017000000000004,0.076520000000000005,1055,1986
11201,Bluefield,4,2,0,4,0,1,0.27939999999999998,0.40348000000000001,0.75563000000000002,0.056050000000000003,2110,1986
11202,Welch,0,0,0,0,0,0,0.30085000000000001,0.42460999999999999,0.52903,0.089410000000000003,586,1986
11203,Big Stone Gap,2,1,0,2,0,1,0.29338999999999998,0.38152999999999998,0.85757000000000005,-1.0000000000000001e-005,975,1986
11301,Fredericksburg,1,1,0,1,0,1,0.31125000000000003,0.3448,0.74848999999999999,0.055550000000000002,3543,1986
11302,Baltimore,14,8,8,5,3,1,0.33840999999999999,0.32357000000000002,0.80827000000000004,0.076130000000000003,33802,1986
11303,Colonial Beach,0,0,0,0,0,0,0.29483999999999999,0.35432000000000002,0.80962000000000001,0.064019999999999994,711,1986
11304,Washington DC,22,16,10,9,4,1,0.24556,0.37801000000000001,0.67930000000000001,0.21859999999999999,55935,1986
11401,Marquette,2,1,0,2,0,1,0.24299000000000001,0.39368999999999998,0.79322000000000004,0.16880999999999999,1597,1986
11402,Marinette,0,0,0,0,0,0,0.24398,0.42035,0.76363000000000003,0.20268,1648,1986
11403,Sault Ste. Marie,1,1,0,1,0,1,0.27231,0.38869999999999999,0.76358000000000004,0.18690999999999999,635,1986
11500,Jackson,4,3,3,1,0,1,0.27631,0.36203000000000002,0.75109999999999999,0.095930000000000001,4172,1986
11600,Detroit,23,12,6,14,2,1,0.28095999999999999,0.32794000000000001,0.66683000000000003,0.24611,69923,1986
11700,Lansing,4,2,1,2,0,1,0.27634999999999998,0.34843000000000002,0.76080000000000003,0.18423,5940,1986
11800,Mount Pleasant,2,2,1,1,0,1,0.26706000000000002,0.37254999999999999,0.69277999999999995,0.19262000000000001,1660,1986
11900,Saginaw,3,2,1,2,0,1,0.30058000000000001,0.35044999999999998,0.81586999999999998,0.12073,7415,1986
12001,Big Rapids,1,1,0,1,0,1,0.28477000000000002,0.37759999999999999,0.70387,0.16578999999999999,1623,1986
12002,Ludington,1,0,0,1,0,1,0.25661,0.38105,0.82562000000000002,0.17696000000000001,697,1986
12100,Kalamazoo,5,3,2,3,1,1,0.28870000000000001,0.34677000000000002,0.84919,0.061740000000000003,6736,1986
12200,Grand Rapids,9,6,5,4,0,1,0.32433000000000001,0.35516999999999999,0.79796999999999996,0.079640000000000002,19021,1986
12301,Traverse City,1,1,0,1,0,1,0.20483000000000001,0.40527000000000002,0.67242999999999997,0.25594,2097,1986
12302,Petoskey,1,0,0,1,0,1,0.24746000000000001,0.37329000000000001,0.66722000000000004,0.24628,1107,1986
12401,Alpena,1,0,0,1,0,1,0.20546,0.40877999999999998,0.65203,0.25052000000000002,1116,1986
12402,Grayling charter,0,0,0,0,0,0,0.28776000000000002,0.36047000000000001,0.74553000000000003,0.13783999999999999,1377,1986
12501,Dayton,8,6,4,4,0,1,0.33640999999999999,0.32929000000000003,0.82770999999999995,0.092410000000000006,15957,1986
12502,Washington Court House,2,1,1,1,0,1,0.37992999999999999,0.31924000000000002,0.85045999999999999,0.062239999999999997,1574,1986
12600,Wayne,1,1,1,0,0,1,0.32334000000000002,0.34377000000000002,0.80598000000000003,0.040259999999999997,1366,1986
12701,Cincinnati,8,7,4,4,0,1,0.33882000000000001,0.32721,0.82310000000000005,0.10942,27442,1986
12702,Maysville,0,0,0,0,0,0,0.33357999999999999,0.35549999999999998,0.86151999999999995,0.01562,753,1986
12800,Washington,0,0,0,0,0,0,0.24904999999999999,0.43047999999999997,0.79705999999999999,0.10224999999999999,2004,1986
12901,Lexington-Fayette,6,6,3,2,0,1,0.28787000000000001,0.33962999999999999,0.80447000000000002,0.10849,6054,1986
12902,Mount Sterling,0,0,0,0,0,0,0.33127000000000001,0.32651000000000002,0.84099000000000002,0.090990000000000001,484,1986
12903,Danville,1,1,1,0,1,1,0.29620999999999997,0.35471999999999998,0.76222000000000001,0.090319999999999998,1090,1986
13000,Elizabethtown,0,0,0,0,0,0,0.24906,0.38518000000000002,0.73092999999999997,0.076399999999999996,2483,1986
13101,Louisville,5,4,1,2,0,1,0.31662000000000001,0.33187,0.82474999999999998,0.060519999999999997,14172,1986
13102,Madison,1,1,1,0,0,1,0.35238000000000003,0.35948000000000002,0.89215999999999995,0.00809,578,1986
13103,Bardstown,1,1,1,0,0,1,0.34769,0.38444,0.83940000000000003,0.1052,883,1986
13200,Owensboro,1,1,1,0,0,1,0.31120999999999999,0.39849000000000001,0.93386000000000002,0.0054400000000000004,2350,1986
13300,Findlay,5,4,4,1,0,1,0.33248,0.37573000000000001,0.83503000000000005,0.11629,3403,1986
13400,Lima,2,1,1,1,0,1,0.36331999999999998,0.39022000000000001,0.84406999999999999,0.14399999999999999,3979,1986
13501,Toledo,7,3,1,5,0,1,0.3075,0.33805000000000002,0.75699000000000005,0.16188,11816,1986
13502,Defiance,1,1,1,0,0,1,0.28387000000000001,0.40742,0.82482999999999995,0.10627,1444,1986
13600,South Bend,7,4,4,2,1,1,0.31513000000000002,0.34054000000000001,0.79303000000000001,0.078100000000000003,8925,1986
13700,Concord,1,1,1,0,0,1,0.28649999999999998,0.41071999999999997,0.77015999999999996,0.00415,5476,1986
13800,Wayne,2,2,2,0,0,1,0.27839000000000003,0.41754999999999998,0.76134000000000002,0.064579999999999999,1874,1986
13900,Center,0,0,0,0,0,0,0.28639999999999999,0.36908000000000002,0.77234000000000003,0.08004,2715,1986
14000,Muncie,3,3,2,1,0,1,0.33180999999999999,0.33431,0.80571000000000004,0.075560000000000002,5222,1986
14100,Fort Wayne,4,4,4,0,0,1,0.30909999999999999,0.37158000000000002,0.79969999999999997,0.099890000000000007,7885,1986
14200,Indianapolis,6,4,3,1,0,1,0.32382,0.33307999999999999,0.80100000000000005,0.069059999999999996,20497,1986
14300,Columbus,0,0,0,0,0,0,0.27605000000000002,0.39493,0.83738999999999997,0.024549999999999999,2221,1986
14400,Terre Haute,4,4,3,1,1,1,0.29879,0.38451000000000002,0.87190999999999996,0.067030000000000006,3390,1986
14500,Lafayette,2,1,0,2,0,1,0.27694000000000002,0.39182,0.82677,0.04061,4413,1986
14600,Bloomington,1,1,0,1,0,1,0.25269999999999998,0.39953,0.85853999999999997,0.065000000000000002,3273,1986
14700,Evansville,3,3,2,1,0,1,0.32851000000000002,0.38181999999999999,0.874,0.10042,5272,1986
14801,Olney,1,0,0,1,0,1,0.29908000000000001,0.44395000000000001,0.98250999999999999,0.057149999999999999,733,1986
14802,Vincennes,1,1,0,1,0,1,0.34099000000000002,0.38342999999999999,0.86351,0.082040000000000002,695,1986
14900,Gary,2,2,2,0,0,1,0.30054999999999998,0.35019,0.72945000000000004,0.13275999999999999,9118,1986
15000,Canton,5,4,4,1,0,1,0.30286999999999997,0.38413999999999998,0.81052000000000002,0.11414000000000001,9695,1986
15100,Lorain,1,1,1,0,1,1,0.30880000000000002,0.34760999999999997,0.82794000000000001,0.072359999999999994,6069,1986
15200,Cleveland,12,9,6,5,1,1,0.32485000000000003,0.32873999999999998,0.74704000000000004,0.19806000000000001,35693,1986
15300,Parkersburg,2,1,1,1,0,1,0.31376999999999999,0.36651,0.78359999999999996,0.14421999999999999,2651,1986
15400,Zanesville,2,1,1,1,0,1,0.34669,0.3543,0.83935000000000004,0.091869999999999993,2704,1986
15500,Steubenville,3,2,2,1,0,1,0.33993000000000001,0.35060000000000002,0.82581000000000004,0.19067000000000001,1496,1986
15600,Wheeling,4,2,1,3,0,1,0.30601,0.38924999999999998,0.69799,0.28462999999999999,2447,1986
15700,Scioto,1,1,0,1,0,1,0.36992999999999998,0.3145,0.80569000000000002,0.11308,2905,1986
15800,Athens,3,2,1,2,0,1,0.31714999999999999,0.33901999999999999,0.85228000000000004,0.097299999999999998,1647,1986
15900,Columbus,13,9,9,2,2,1,0.31941999999999998,0.33260000000000001,0.81762999999999997,0.10559,21557,1986
16000,Mansfield,3,1,1,2,0,1,0.36224000000000001,0.34016000000000002,0.84926999999999997,0.058160000000000003,4410,1986
16100,State College,3,2,1,1,0,1,0.25589000000000001,0.42535000000000001,0.80108000000000001,0.15378,3508,1986
16200,Altoona,4,2,2,1,0,1,0.33000000000000002,0.39901999999999999,0.76244000000000001,0.20674999999999999,5122,1986
16300,Pittsburgh,25,17,12,8,2,1,0.31267,0.37633,0.75534000000000001,0.24428,31409,1986
16400,Youngstown,4,3,2,1,0,1,0.32534999999999997,0.34461999999999998,0.78439999999999999,0.17707000000000001,10462,1986
16500,Erie,7,6,3,4,0,1,0.30665999999999999,0.37104999999999999,0.82603000000000004,0.13882,8846,1986
16600,Roanoke,8,6,3,4,1,1,0.30241000000000001,0.36112,0.91374,0.042979999999999997,5206,1986
16701,Elkins,2,2,2,0,0,1,0.26305000000000001,0.42381000000000002,0.86907000000000001,0.10691000000000001,678,1986
16702,Morgantown,2,2,0,2,0,1,0.28138999999999997,0.38812999999999998,0.77442999999999995,0.17085,2863,1986
16703,Buckhannon,1,1,1,0,0,1,0.28961999999999999,0.38736999999999999,0.82115000000000005,0.12695000000000001,541,1986
16801,Beckley,0,0,0,0,0,0,0.29141,0.38935999999999998,0.61721999999999999,0.11609999999999999,1923,1986
16802,Summersville,1,1,0,1,0,1,0.25858999999999999,0.42423,0.74170000000000003,0.16600000000000001,703,1986
16901,Charleston,3,2,1,2,0,1,0.28752,0.35975000000000001,0.74912000000000001,0.11447,4143,1986
16902,Spencer,0,0,0,0,0,0,0.31384000000000001,0.41338000000000003,0.84409999999999996,0.08251,258,1986
17000,Pikeville,1,1,1,0,0,1,0.26468000000000003,0.40084999999999998,0.76380000000000003,0.072270000000000001,2415,1986
17100,Huntington,3,3,1,2,0,1,0.30681000000000003,0.33305000000000001,0.79664999999999997,0.094920000000000004,3958,1986
17200,Harrisonburg,3,3,2,1,0,1,0.22394,0.41915000000000002,0.79193999999999998,0.044639999999999999,2022,1986
17300,Staunton,6,4,3,3,1,1,0.28621999999999997,0.37274000000000002,0.84582000000000002,0.030800000000000001,2248,1986
17400,Hagerstown,2,1,0,2,0,1,0.32701000000000002,0.36980000000000002,0.74438000000000004,0.072989999999999999,5090,1986
17501,Cumberland,2,0,0,2,0,1,0.34738999999999998,0.36048000000000002,0.80461000000000005,0.10821,1820,1986
17502,Winchester,2,1,1,1,0,1,0.25686999999999999,0.39562999999999998,0.79437999999999998,0.068169999999999994,1452,1986
17600,Charlottesville,3,1,0,3,1,1,0.28138000000000002,0.35515000000000002,0.85465000000000002,0.065710000000000005,3240,1986
17700,Syracuse,16,12,7,9,3,1,0.29286000000000001,0.35975000000000001,0.81000000000000005,0.18018999999999999,15131,1986
17800,Oneonta,3,3,1,2,0,1,0.22581999999999999,0.39711999999999997,0.70657000000000003,0.22731000000000001,2194,1986
17900,Union,2,1,0,2,1,1,0.25667000000000001,0.38518999999999998,0.88705999999999996,0.10126,4093,1986
18000,Buffalo,23,18,14,9,2,1,0.29715999999999998,0.35986000000000001,0.77039999999999997,0.20274,32735,1986
18100,Elmira,6,4,3,3,1,1,0.23574999999999999,0.41056999999999999,0.8508,0.12225,4406,1986
18201,Olean,4,4,3,1,0,1,0.25546000000000002,0.41345999999999999,0.76554,0.18912000000000001,2890,1986
18202,St. Marys,0,0,0,0,0,0,0.32840000000000003,0.39892,0.63739000000000001,0.27542,620,1986
18300,Watertown,5,4,2,3,1,1,0.26878999999999997,0.38308999999999999,0.84913000000000005,0.11153,3445,1986
18400,Plattsburgh,4,2,1,3,0,1,0.28029999999999999,0.37123,0.89480999999999999,0.070459999999999995,2291,1986
18500,Amsterdam,1,0,0,1,0,1,0.21289,0.39821000000000001,0.88987000000000005,0.045589999999999999,1567,1986
18600,Albany,16,10,7,7,3,1,0.27778999999999998,0.36817,0.80520000000000003,0.16311999999999999,13799,1986
18700,Sunbury,2,2,2,0,1,1,0.21887999999999999,0.44674000000000003,0.76356000000000002,0.13908000000000001,2543,1986
18800,Scranton,13,9,7,3,0,1,0.22772999999999999,0.40688999999999997,0.69420999999999999,0.27024999999999999,10928,1986
18900,Williamsport,3,3,1,2,0,1,0.24185999999999999,0.42692999999999998,0.75561,0.13991000000000001,3029,1986
19000,Allentown,7,5,5,2,3,1,0.30853999999999998,0.37340000000000001,0.77476999999999996,0.19869999999999999,8252,1986
19100,Reading,10,8,6,3,1,1,0.29659000000000002,0.39865,0.75653000000000004,0.11373,14654,1986
19200,Harrisburg,8,6,3,2,2,1,0.3014,0.38541999999999998,0.79193999999999998,0.075139999999999998,14135,1986
19300,Poughkeepsie,10,6,5,5,2,1,0.27194000000000002,0.36107,0.69655999999999996,0.21992999999999999,11809,1986
19400,New York,69,53,29,26,7,1,0.24962000000000001,0.35387999999999997,0.71072000000000002,0.12862999999999999,129028,1986
19500,Toms River,5,3,3,2,0,1,0.25044,0.37613000000000002,0.60470000000000002,0.30947000000000002,14258,1986
19600,Newark,39,24,14,21,5,1,0.26333000000000001,0.36989,0.68118000000000001,0.26952999999999999,68081,1986
19700,Philadelphia,46,30,23,16,5,1,0.32546000000000003,0.32435999999999998,0.76644000000000001,0.17732000000000001,76534,1986
19800,Wilmington,5,3,2,3,0,1,0.32274000000000003,0.317,0.75536000000000003,0.10829,7498,1986
19901,Dover,4,1,1,3,0,1,0.35208,0.31663999999999998,0.78108999999999995,0.069980000000000001,5576,1986
19902,Easton,2,1,1,1,0,1,0.33445999999999998,0.33889000000000002,0.78981999999999997,0.098409999999999997,1995,1986
19903,Chincoteague,1,0,0,1,0,1,0.37397000000000002,0.29176999999999997,0.89846999999999999,0.047190000000000003,634,1986
20001,Bangor,3,3,1,2,0,1,0.26217000000000001,0.36471999999999999,0.72209999999999996,0.12723000000000001,3844,1986
20002,Calais,0,0,0,0,0,0,0.28733999999999998,0.32192999999999999,0.74226000000000003,0.10066,451,1986
20003,Presque Isle,0,0,0,0,0,0,0.37851000000000001,0.34361999999999998,0.88322999999999996,0.047370000000000002,1011,1986
20100,Portland,7,5,5,0,3,1,0.23601,0.39079000000000003,0.78934000000000004,0.10478999999999999,9243,1986
20200,Burlington,6,5,4,2,1,1,0.20149,0.40458,0.70869000000000004,0.17033000000000001,4326,1986
20301,Berlin,1,0,0,1,0,1,0.23705000000000001,0.41876000000000002,0.65007999999999999,0.2094,1403,1986
20302,Claremont,5,4,2,2,1,1,0.22031000000000001,0.40676000000000001,0.72216999999999998,0.15542,3567,1986
20401,Providence,15,12,10,4,3,1,0.27750000000000002,0.36346000000000001,0.68262999999999996,0.23200000000000001,19079,1986
20402,Nantucket,0,0,0,0,0,0,NA,NA,NA,NA,NA,1986
20403,Oak Bluffs,0,0,0,0,0,0,NA,NA,NA,NA,NA,1986
20500,Boston,58,45,37,17,14,1,0.25821,0.38647999999999999,0.66088999999999998,0.25430000000000003,58691,1986
20600,Manchester,12,7,5,5,0,1,0.24801999999999999,0.39371,0.71572999999999998,0.16269,16489,1986
20700,Keene,3,3,2,1,0,1,0.24399000000000001,0.38740000000000002,0.65634000000000003,0.16718,1633,1986
20800,Springfield,14,11,9,5,4,1,0.31220999999999999,0.34375,0.74502999999999997,0.18965000000000001,8733,1986
20901,Bridgeport,35,20,13,17,6,1,0.28293000000000001,0.36326000000000003,0.77793999999999996,0.14652000000000001,42603,1986
20902,Pittsfield,4,3,2,2,2,1,0.26328000000000001,0.37036000000000002,0.66861999999999999,0.254,2227,1986
21001,Ashland,1,1,1,0,0,1,0.27462999999999999,0.38630999999999999,0.78539999999999999,0.17327999999999999,698,1986
21002,Houghton,1,1,0,1,0,1,0.28804999999999997,0.38330999999999998,0.61514000000000002,0.25096000000000002,602,1986
21003,Ironwood,1,0,0,1,0,1,0.17795,0.40744000000000002,0.82904999999999995,0.21489,415,1986
21004,Rhinelander,1,0,0,1,0,1,0.31778000000000001,0.37652999999999998,0.62868000000000002,0.21371999999999999,869,1986
21101,Rice Lake,1,0,0,1,0,1,0.29327999999999999,0.40164,0.72287000000000001,0.17866000000000001,1327,1986
21102,Amery,0,0,0,0,0,0,0.25846000000000002,0.42741000000000001,0.75980999999999999,0.15128,804,1986
21201,Hutchinson,0,0,0,0,0,0,0.22716,0.48531000000000002,0.68525000000000003,0.26173000000000002,1112,1986
21202,Redwood Falls,0,0,0,0,0,0,0.23452000000000001,0.51712999999999998,0.63548000000000004,0.39496999999999999,529,1986
21301,Mankato,2,2,2,0,1,1,0.19902,0.48076000000000002,0.65190999999999999,0.29498999999999997,2138,1986
21302,Owatonna,2,2,2,0,2,1,0.23998,0.45128000000000001,0.63548000000000004,0.27324999999999999,1605,1986
21400,St. Cloud,3,3,2,1,0,1,0.21889,0.47338000000000002,0.63614000000000004,0.26336999999999999,3917,1986
21501,Minneapolis,21,18,12,1,2,1,0.26752999999999999,0.39723000000000003,0.74073999999999995,0.17541999999999999,39707,1986
21502,Pine City,0,0,0,0,0,0,0.35164000000000001,0.38512000000000002,0.74521999999999999,0.12107999999999999,583,1986
21600,Brainerd,0,0,0,0,0,0,0.29910999999999999,0.39606000000000002,0.72345000000000004,0.21579000000000001,1896,1986
21701,Rochester,0,0,0,0,0,0,0.23127,0.45405000000000001,0.72641,0.22012999999999999,3432,1986
21702,Austin,0,0,0,0,0,0,0.23963000000000001,0.45086999999999999,0.67988000000000004,0.25522,912,1986
21801,Mason City,2,1,0,1,0,1,0.17449999999999999,0.50044999999999995,0.61958000000000002,0.38647999999999999,1105,1986
21802,Decorah,2,1,1,1,0,1,0.11917,0.5585,0.54030999999999996,0.47091,1026,1986
21900,Marshalltown,2,1,1,1,1,1,0.29315999999999998,0.43554999999999999,0.71908000000000005,0.25135000000000002,1479,1986
22001,Waterloo,4,3,2,2,0,1,0.30481000000000003,0.42831999999999998,0.67678000000000005,0.31752000000000002,2909,1986
22002,Iowa Falls,0,0,0,0,0,0,0.28055999999999998,0.46792,0.66281999999999996,0.35094999999999998,396,1986
22100,Iowa City,1,1,0,1,0,1,0.22181999999999999,0.43985999999999997,0.73868999999999996,0.23549999999999999,2404,1986
22200,Cedar Rapids,4,3,3,1,0,1,0.29875000000000002,0.40529999999999999,0.69372999999999996,0.26366000000000001,3258,1986
22300,Ottumwa,3,2,2,1,0,1,0.23424,0.45346999999999998,0.58462000000000003,0.32080999999999998,1867,1986
22400,Sheboygan,2,1,1,1,0,1,0.26721,0.42071999999999998,0.70737000000000005,0.19281999999999999,2753,1986
22500,Oshkosh,5,3,3,2,1,1,0.24093000000000001,0.44102000000000002,0.76244000000000001,0.15587000000000001,7845,1986
22601,Green Bay,2,1,1,1,0,1,0.25845000000000001,0.42637999999999998,0.73904000000000003,0.21049000000000001,4285,1986
22602,Shawano,0,0,0,0,0,0,0.29391,0.39989999999999998,0.67300000000000004,0.15256,917,1986
22700,Wausau,2,0,0,2,0,1,0.22253000000000001,0.44535000000000002,0.71697,0.18829000000000001,5217,1986
22800,Eau Claire,2,1,1,1,0,1,0.18784999999999999,0.47084999999999999,0.76922999999999997,0.20859,4123,1986
22900,La Crosse,2,1,1,1,0,1,0.25190000000000001,0.42645,0.75256000000000001,0.18465999999999999,3008,1986
23000,Monroe,1,0,0,1,0,1,0.21043999999999999,0.46718999999999999,0.60724999999999996,0.28519,1844,1986
23100,Madison,4,4,1,2,1,1,0.20818,0.42052,0.73572000000000004,0.061359999999999998,7365,1986
23200,Dubuque,2,2,2,0,0,1,0.22799,0.47591,0.60690999999999995,0.34710999999999997,2260,1986
23301,Charleston,2,1,0,2,0,1,0.26328000000000001,0.40673999999999999,0.73068,0.22889000000000001,1179,1986
23302,Douglas,0,0,0,0,0,0,0.32878000000000002,0.43195,0.84685999999999995,0.19489999999999999,1445,1986
23400,Bloomington,3,2,1,2,1,1,0.32740000000000002,0.37204999999999999,0.77929000000000004,0.10634,2528,1986
23500,Decatur,4,2,1,3,1,1,0.31580999999999998,0.36718000000000001,0.81594,0.12984000000000001,4720,1986
23600,Burlington,1,0,0,1,0,1,0.32518000000000002,0.40921000000000002,0.77453000000000005,0.23082,1802,1986
23700,Galesburg,5,3,2,3,1,1,0.31397999999999998,0.37764999999999999,0.72092000000000001,0.20934,1672,1986
23801,Davenport,4,2,2,2,1,1,0.30853000000000003,0.37130000000000002,0.74207000000000001,0.18645999999999999,5373,1986
23802,Clinton,0,0,0,0,0,0,0.28526000000000001,0.43472,0.70681000000000005,0.25025999999999998,1007,1986
23900,Peoria,4,2,2,2,0,1,0.33800000000000002,0.35576999999999998,0.82799999999999996,0.081879999999999994,7040,1986
24000,Kenosha,4,2,2,2,1,1,0.29403000000000001,0.35836000000000001,0.70052000000000003,0.1502,8174,1986
24100,Milwaukee,13,10,10,2,2,1,0.33653,0.33088000000000001,0.81489999999999996,0.11582000000000001,23441,1986
24200,Bourbonnais,2,1,1,1,0,1,0.34360000000000002,0.35983999999999999,0.64939999999999998,0.19972999999999999,1907,1986
24300,Chicago,54,33,26,16,5,1,0.30008000000000001,0.33649000000000001,0.74185999999999996,0.18584000000000001,103096,1986
24400,Rockford,7,2,1,5,0,1,0.2823,0.37651000000000001,0.75624999999999998,0.14280999999999999,8537,1986
24500,Rolla,0,0,0,0,0,0,0.33618999999999999,0.35017999999999999,0.65993000000000002,0.13525999999999999,1530,1986
24600,Farmington,1,0,0,1,0,1,0.35920000000000002,0.36525000000000002,0.78725000000000001,0.017590000000000001,1847,1986
24701,St. Louis,20,15,10,6,1,1,0.31695000000000001,0.33532000000000001,0.69503000000000004,0.14874999999999999,33276,1986
24702,Mexico,0,0,0,0,0,0,0.31237999999999999,0.39731,0.73970999999999998,0.15211,483,1986
24801,Jacksonville,2,2,2,0,0,1,0.29238999999999998,0.38518000000000002,0.78264999999999996,0.15271000000000001,1092,1986
24802,Springfield,3,2,2,1,0,1,0.30101,0.36159000000000002,0.75475000000000003,0.18276999999999999,3535,1986
24900,Edwardsville,4,3,2,2,0,1,0.31435999999999997,0.36464999999999997,0.79842000000000002,0.098100000000000007,5175,1986
25000,Quincy,4,3,3,1,0,1,0.34802,0.38238,0.79186999999999996,0.089880000000000002,1998,1986
25101,Mountain Home,0,0,0,0,0,0,0.34550999999999998,0.36610999999999999,0.82465999999999995,0.056469999999999999,638,1986
25102,West Plains,1,0,0,1,0,1,0.28000999999999998,0.39871000000000001,0.64466000000000001,0.097259999999999999,1192,1986
25103,Harrison,1,0,0,1,0,1,0.23613999999999999,0.41949999999999998,0.55762,0.24762000000000001,973,1986
25104,Heber Springs,0,0,0,0,0,0,0.31240000000000001,0.41909999999999997,0.66603000000000001,0.19173999999999999,543,1986
25105,Batesville,1,0,0,1,0,1,0.36392999999999998,0.37831999999999999,0.72602,0.18357999999999999,770,1986
25200,Henderson,0,0,0,0,0,0,0.30348999999999998,0.38968000000000003,0.85807999999999995,0.0014,1928,1986
25300,Union City,0,0,0,0,0,0,0.32105,0.35944999999999999,0.85721999999999998,0.059380000000000002,1325,1986
25401,Paducah,0,0,0,0,0,0,0.29278999999999999,0.37178,0.85240000000000005,0.051200000000000002,1647,1986
25402,Murray,1,1,0,1,0,1,0.13546,0.42205999999999999,0.77556999999999998,0.15228,336,1986
25500,Centralia,2,0,0,2,0,1,0.34151999999999999,0.38247999999999999,0.75000999999999995,0.26469999999999999,1906,1986
25601,Carbondale,3,1,0,3,0,1,0.33946999999999999,0.35735,0.77739999999999998,0.10451000000000001,3233,1986
25602,Harrisburg,1,0,0,1,0,1,0.37398999999999999,0.38673999999999997,0.92632000000000003,0.053339999999999999,421,1986
25701,Cape Girardeau,1,1,0,1,0,1,0.34093000000000001,0.36541000000000001,0.76641999999999999,0.11274000000000001,2456,1986
25702,Poplar Bluff,1,0,0,1,0,1,0.31458000000000003,0.36853000000000002,0.65369999999999995,0.20449999999999999,992,1986
25800,Blytheville,1,0,0,1,0,1,0.41377000000000003,0.31755,0.70823999999999998,0.083260000000000001,1505,1986
25900,Jonesboro,3,2,1,2,0,1,0.28319,0.38361000000000001,0.81527000000000005,0.11351,2412,1986
26001,Roseau,0,0,0,0,0,0,0.22689999999999999,0.52385999999999999,0.64636000000000005,0.30913000000000002,364,1986
26002,Duluth,1,1,1,0,0,1,0.29608000000000001,0.38324999999999998,0.75800000000000001,0.16997000000000001,3679,1986
26003,West Cook UT,0,0,0,0,0,0,NA,NA,NA,NA,NA,1986
26004,International Falls,0,0,0,0,0,0,NA,NA,NA,NA,NA,1986
26101,Moberly,1,0,0,1,0,1,0.30353999999999998,0.38628000000000001,0.69867000000000001,0.16819000000000001,795,1986
26102,Marshall,1,1,1,0,0,1,0.28974,0.40562999999999999,0.61755000000000004,0.11752,621,1986
26103,Brookfield,0,0,0,0,0,0,0.33740999999999999,0.43202000000000002,0.56901000000000002,0.26246999999999998,312,1986
26104,Trenton,1,0,0,1,0,1,NA,NA,NA,NA,NA,1986
26105,Polk,0,0,0,0,0,0,NA,NA,NA,NA,NA,1986
26106,Centerville,0,0,0,0,0,0,0.21335000000000001,0.45606000000000002,0.80969999999999998,0.19191,413,1986
26107,Kirksville,1,1,0,1,0,1,0.18978999999999999,0.44905,0.47327000000000002,0.35357,402,1986
26201,Bismarck,2,2,1,1,0,1,0.27334999999999998,0.45522000000000001,0.74070999999999998,0.23064999999999999,1724,1986
26202,East Grant UT,0,0,0,0,0,0,NA,NA,NA,NA,NA,1986
26203,Linton,0,0,0,0,0,0,NA,NA,NA,NA,NA,1986
26204,Steele,0,0,0,0,0,0,NA,NA,NA,NA,NA,1986
26301,Devils Lake,1,0,0,1,0,1,0.48895,0.34156999999999998,1.0141800000000001,0.086720000000000005,372,1986
26302,Carrington,0,0,0,0,0,0,NA,NA,NA,NA,NA,1986
26303,Turtle Mountain UT,0,0,0,0,0,0,0.45345999999999997,0.31146000000000001,0.78515000000000001,-0.011690000000000001,337,1986
26304,Minot,2,1,0,2,0,1,0.18926999999999999,0.53885000000000005,0.63858999999999999,0.25185000000000002,1069,1986
26305,Rugby,0,0,0,0,0,0,NA,NA,NA,NA,NA,1986
26401,Ekalaka,0,0,0,0,0,0,NA,NA,NA,NA,NA,1986
26402,Baker,0,0,0,0,0,0,NA,NA,NA,NA,NA,1986
26403,Bowman,0,0,0,0,0,0,NA,NA,NA,NA,NA,1986
26404,Lemmon,0,0,0,0,0,0,NA,NA,NA,NA,NA,1986
26405,Scobey,0,0,0,0,0,0,NA,NA,NA,NA,NA,1986
26406,Wolf Point,0,0,0,0,0,0,NA,NA,NA,NA,NA,1986
26407,Plentywood,0,0,0,0,0,0,NA,NA,NA,NA,NA,1986
26408,Glasgow,0,0,0,0,0,0,NA,NA,NA,NA,NA,1986
26409,Glendive,1,0,0,1,0,1,NA,NA,NA,NA,NA,1986
26410,Dickinson,1,1,0,1,0,1,0.0090900000000000009,0.67279,0.64251999999999998,0.27254,402,1986
26411,Sidney,0,0,0,0,0,0,0.33388000000000001,0.44034000000000001,0.88007999999999997,0.12343,395,1986
26412,Williston,1,0,0,1,0,1,0.13013,0.61761999999999995,0.66329000000000005,0.25914999999999999,400,1986
26501,Brookings,1,1,0,1,0,1,0.16162000000000001,0.52141000000000004,0.61931999999999998,0.34895999999999999,477,1986
26502,Madison,0,0,0,0,0,0,NA,NA,NA,NA,NA,1986
26503,Sioux Falls,3,2,2,1,0,1,0.17193,0.48159000000000002,0.70138,0.23577999999999999,2752,1986
26504,Watertown,1,0,0,1,0,1,0.22083,0.48963000000000001,0.70013000000000003,0.30981999999999998,613,1986
26601,Milbank,0,0,0,0,0,0,0.17907000000000001,0.52347999999999995,0.46446999999999999,0.50056,297,1986
26602,Sisseton,0,0,0,0,0,0,0.38197999999999999,0.39099,0.79317000000000004,0.20569000000000001,345,1986
26603,East Corson UT,0,0,0,0,0,0,NA,NA,NA,NA,NA,1986
26604,Mobridge,0,0,0,0,0,0,NA,NA,NA,NA,NA,1986
26605,Aberdeen,0,0,0,0,0,0,0.18964,0.49796000000000001,0.61892999999999998,0.33957999999999999,690,1986
26701,Bemidji,0,0,0,0,0,0,0.34599999999999997,0.37554999999999999,0.79488000000000003,0.12673000000000001,1497,1986
26702,Grafton,0,0,0,0,0,0,0.13231000000000001,0.56081999999999999,0.64537999999999995,0.32268999999999998,518,1986
26703,Thief River Falls,0,0,0,0,0,0,0.33091999999999999,0.47039999999999998,0.69808000000000003,0.31670999999999999,387,1986
26704,Grand Forks,2,2,0,2,0,1,0.2369,0.45595000000000002,0.77380000000000004,0.19191,1517,1986
26801,Fargo,3,2,1,2,0,1,0.19499,0.47900999999999999,0.73202999999999996,0.2162,2682,1986
26802,Lisbon,0,0,0,0,0,0,NA,NA,NA,NA,NA,1986
26803,Jamestown,2,2,1,1,0,1,0.27254,0.50570999999999999,0.68547999999999998,0.29144999999999999,500,1986
26804,Cooperstown,0,0,0,0,0,0,NA,NA,NA,NA,NA,1986
26901,Fergus Falls,0,0,0,0,0,0,0.21268000000000001,0.49839,0.68074000000000001,0.30825999999999998,1625,1986
26902,Little Falls,0,0,0,0,0,0,0.15962000000000001,0.53717000000000004,0.58389999999999997,0.30503000000000002,1133,1986
27001,O'Neill,0,0,0,0,0,0,NA,NA,NA,NA,NA,1986
27002,Ord,0,0,0,0,0,0,NA,NA,NA,NA,NA,1986
27003,Ainsworth,0,0,0,0,0,0,NA,NA,NA,NA,NA,1986
27004,Winner,0,0,0,0,0,0,NA,NA,NA,NA,NA,1986
27005,Yankton,1,1,1,0,0,1,0.18289,0.52849999999999997,0.51780999999999999,0.40223999999999999,704,1986
27006,Mitchell,1,0,0,1,0,1,0.1041,0.55808999999999997,0.49228,0.45254,404,1986
27007,Huron,0,0,0,0,0,0,0.24440000000000001,0.44790000000000002,0.66859999999999997,0.32155,288,1986
27008,Parkston,0,0,0,0,0,0,0.42387000000000002,0.43119000000000002,0.84253999999999996,0.31491999999999998,327,1986
27009,Chamberlain,0,0,0,0,0,0,NA,NA,NA,NA,NA,1986
27010,Miller,0,0,0,0,0,0,NA,NA,NA,NA,NA,1986
27011,Pierre,0,0,0,0,0,0,0.18418000000000001,0.44841999999999999,0.84316000000000002,0.20660999999999999,329,1986
27012,Gettysburg,0,0,0,0,0,0,NA,NA,NA,NA,NA,1986
27101,Willmar,0,0,0,0,0,0,0.25829000000000002,0.46733000000000002,0.67569999999999997,0.33061000000000001,1212,1986
27102,Marshall,0,0,0,0,0,0,0.25247999999999998,0.50492999999999999,0.60338999999999998,0.42207,780,1986
27201,Sioux Center,3,2,2,1,0,1,0.26465,0.53259999999999996,0.56162000000000001,0.43613000000000002,892,1986
27202,Worthington,0,0,0,0,0,0,0.29544999999999999,0.45291999999999999,0.73972000000000004,0.32379999999999998,796,1986
27301,Spencer,0,0,0,0,0,0,0.13930000000000001,0.53841000000000006,0.51690000000000003,0.48365999999999998,824,1986
27302,Fairmont,1,0,0,1,0,1,0.28549000000000002,0.44996000000000003,0.70387999999999995,0.30687999999999999,697,1986
27401,Storm Lake,1,1,1,0,0,1,0.21035999999999999,0.51856000000000002,0.56238999999999995,0.43379000000000001,745,1986
27402,Fort Dodge,1,0,0,1,0,1,0.29552,0.44414999999999999,0.73028999999999999,0.31307000000000001,1414,1986
27501,Des Moines,6,5,4,2,0,1,0.27212999999999998,0.41139999999999999,0.74619999999999997,0.20457,7432,1986
27502,Creston,2,1,1,1,0,1,0.21862999999999999,0.47969000000000001,0.61468,0.25781999999999999,438,1986
27503,Atlantic,0,0,0,0,0,0,0.2165,0.51034000000000002,0.65407999999999999,0.37476999999999999,473,1986
27504,Carroll,0,0,0,0,0,0,0.23189000000000001,0.50914000000000004,0.66746000000000005,0.38374999999999998,744,1986
27601,Rapid City,1,0,0,1,0,1,0.23394999999999999,0.43093999999999999,0.72475000000000001,0.15712000000000001,2361,1986
27602,Eagle Butte,0,0,0,0,0,0,NA,NA,NA,NA,NA,1986
27603,Southwest Jackson UT,0,0,0,0,0,0,NA,NA,NA,NA,NA,1986
27604,Murdo,0,0,0,0,0,0,NA,NA,NA,NA,NA,1986
27605,Mission,0,0,0,0,0,0,NA,NA,NA,NA,NA,1986
27701,Scottsbluff,2,1,0,2,0,1,0.23025000000000001,0.45456999999999997,0.76221000000000005,0.22702,988,1986
27702,Cheyenne,1,0,0,1,0,1,0.25123000000000001,0.436,0.68306999999999995,0.20229,1416,1986
27703,Torrington,1,0,0,1,0,1,0.31419000000000002,0.42365000000000003,0.68811999999999995,0.26211000000000001,297,1986
27704,Gordon,0,0,0,0,0,0,0.44653999999999999,0.20794000000000001,0.85285,0.01261,433,1986
27801,Virginia Beach,1,0,0,1,0,1,0.20730999999999999,0.49109000000000003,0.53871999999999998,0.36364999999999997,918,1986
27802,Columbus,0,0,0,0,0,0,0.16155,0.53969999999999996,0.64310999999999996,0.37925999999999999,1012,1986
27901,Hastings,1,1,1,0,0,1,0.25538,0.44830999999999999,0.76107999999999998,0.30939,614,1986
27902,York,0,0,0,0,0,0,0.19852,0.53949999999999998,0.67074999999999996,0.37453999999999998,401,1986
27903,Grand Island,1,0,0,1,0,1,0.24773000000000001,0.46376000000000001,0.72872000000000003,0.27983000000000002,1155,1986
28001,Sioux City,4,3,2,2,0,1,0.25546999999999997,0.43514000000000003,0.76775000000000004,0.2326,2639,1986
28002,West Point,0,0,0,0,0,0,0.45193,0.36041000000000001,0.83201000000000003,0.24464,386,1986
28101,Lincoln,5,4,3,2,0,1,0.25742999999999999,0.41177000000000002,0.72411000000000003,0.24998999999999999,3823,1986
28102,Nebraska City,1,1,0,1,0,1,0.22672999999999999,0.48610999999999999,0.57618999999999998,0.37169000000000002,543,1986
28201,Red Oak,0,0,0,0,0,0,0.31220999999999999,0.43923000000000001,0.67657999999999996,0.30552000000000001,645,1986
28202,Omaha,5,3,3,2,0,1,0.27561000000000002,0.39279999999999998,0.71353,0.21812000000000001,11465,1986
28301,Sterling,1,0,0,1,0,1,0.24396000000000001,0.46449000000000001,0.64215999999999995,0.34128999999999998,550,1986
28302,Ogallala,0,0,0,0,0,0,NA,NA,NA,NA,NA,1986
28303,Oshkosh,0,0,0,0,0,0,NA,NA,NA,NA,NA,1986
28304,Valentine,0,0,0,0,0,0,NA,NA,NA,NA,NA,1986
28305,Broken Bow,0,0,0,0,0,0,NA,NA,NA,NA,NA,1986
28306,North Platte,1,0,0,1,0,1,0.16902,0.47738999999999998,0.70076000000000005,0.18845000000000001,510,1986
28401,Colorado Springs,2,2,1,0,1,1,0.20330999999999999,0.40376000000000001,0.61638000000000004,0.21984999999999999,8161,1986
28402,Limon,0,0,0,0,0,0,NA,NA,NA,NA,NA,1986
28501,Springfield,0,0,0,0,0,0,NA,NA,NA,NA,NA,1986
28502,Pueblo,3,1,0,3,0,1,0.26927000000000001,0.36413000000000001,0.65278000000000003,0.26111000000000001,2429,1986
28503,Trinidad,0,0,0,0,0,0,0.17657,0.40366000000000002,0.52217000000000002,0.32984000000000002,291,1986
28504,Burlington,0,0,0,0,0,0,NA,NA,NA,NA,NA,1986
28601,Oberlin,0,0,0,0,0,0,NA,NA,NA,NA,NA,1986
28602,Norton,0,0,0,0,0,0,NA,NA,NA,NA,NA,1986
28603,Phillipsburg,0,0,0,0,0,0,NA,NA,NA,NA,NA,1986
28604,Colby,1,0,0,1,0,1,0.24584,0.48846000000000001,0.55989999999999995,0.45505000000000001,260,1986
28605,Goodland,1,0,0,1,0,1,NA,NA,NA,NA,NA,1986
28606,Wano,0,0,0,0,0,0,NA,NA,NA,NA,NA,1986
28607,McCook,0,0,0,0,0,0,0.2999,0.44212000000000001,0.68911999999999995,0.27795999999999998,276,1986
28608,Kearney,0,0,0,0,0,0,0.22528999999999999,0.47212999999999999,0.64895000000000003,0.38444,750,1986
28609,Lexington,0,0,0,0,0,0,0.23133999999999999,0.49380000000000002,0.72265999999999997,0.26790000000000003,689,1986
28701,Salida,0,0,0,0,0,0,NA,NA,NA,NA,NA,1986
28702,Glenwood Springs,1,1,0,1,0,1,0.11176999999999999,0.47249000000000002,0.61899999999999999,0.25739000000000001,1375,1986
28703,Granby,0,0,0,0,0,0,NA,NA,NA,NA,NA,1986
28704,Laramie,1,1,0,1,0,1,0.02249,0.52773000000000003,0.61455000000000004,0.24116000000000001,339,1986
28800,Fort Collins,3,2,0,2,0,1,0.18334,0.43813999999999997,0.64254999999999995,0.21315999999999999,5830,1986
28900,Denver,13,8,4,6,1,1,0.2014,0.40645999999999999,0.65068000000000004,0.21360000000000001,30686,1986
29001,Pratt,1,0,0,1,0,1,NA,NA,NA,NA,NA,1986
29002,Coldwater,0,0,0,0,0,0,NA,NA,NA,NA,NA,1986
29003,Dodge City,1,0,0,1,0,1,0.18418999999999999,0.49038999999999999,0.72653000000000001,0.24784999999999999,601,1986
29004,Great Bend,1,0,0,1,0,1,0.27412999999999998,0.46451999999999999,0.70964000000000005,0.27666000000000002,689,1986
29005,Hutchinson,2,1,1,1,0,1,0.23153000000000001,0.44585000000000002,0.82382,0.18672,1082,1986
29006,Hays,1,1,0,1,0,1,0.14879000000000001,0.50773000000000001,0.47837000000000002,0.43786000000000003,500,1986
29007,Township 11,0,0,0,0,0,0,NA,NA,NA,NA,NA,1986
29008,Center,0,0,0,0,0,0,NA,NA,NA,NA,NA,1986
29101,Concordia,1,0,0,1,0,1,0.20943999999999999,0.50126999999999999,0.63897000000000004,0.43765999999999999,251,1986
29102,Superior,0,0,0,0,0,0,NA,NA,NA,NA,NA,1986
29103,Beloit,1,0,0,1,0,1,NA,NA,NA,NA,NA,1986
29104,Salina,1,1,1,0,0,1,0.24548,0.42709000000000003,0.79113999999999995,0.19270000000000001,898,1986
29201,Hiawatha,0,0,0,0,0,0,0.27546999999999999,0.50248000000000004,0.69908999999999999,0.38580999999999999,340,1986
29202,Marysville,0,0,0,0,0,0,0.20907999999999999,0.51998999999999995,0.73873999999999995,0.33411000000000002,267,1986
29203,Manhattan,1,1,0,1,0,1,0.25468000000000002,0.39967999999999998,0.74929999999999997,0.17629,1933,1986
29204,Topeka,3,3,1,2,0,1,0.23743,0.40056000000000003,0.75073999999999996,0.17485999999999999,4088,1986
29301,Wichita,6,3,2,3,0,1,0.29121999999999998,0.37163000000000002,0.75278,0.16187000000000001,8018,1986
29302,Newton,4,3,3,0,0,1,0.21271999999999999,0.47521999999999998,0.68838999999999995,0.26718999999999998,1104,1986
29303,Winfield,2,1,1,1,0,1,0.20319000000000001,0.45185999999999998,0.64383999999999997,0.24604000000000001,746,1986
29401,Ottawa,1,0,0,1,0,1,0.27748,0.41760999999999998,0.69408000000000003,0.22974,757,1986
29402,Emporia,1,1,0,1,0,1,0.26734000000000002,0.43169000000000002,0.74905999999999995,0.23280000000000001,695,1986
29403,Bartlesville,3,0,0,3,0,1,0.27159,0.40964,0.78717999999999999,0.12822,2124,1986
29501,Leavenworth,1,1,1,0,0,1,0.27390999999999999,0.39179999999999998,0.73899999999999999,0.11988,1163,1986
29502,Kansas City,13,8,7,4,0,1,0.28419,0.36513000000000001,0.68764999999999998,0.16027,24353,1986
29503,St. Joseph,2,1,0,2,0,1,0.32906999999999997,0.36729000000000001,0.61407,0.15354000000000001,2153,1986
29504,Sedalia,0,0,0,0,0,0,0.28484999999999999,0.40938000000000002,0.54879999999999995,0.056509999999999998,1058,1986
29505,Polk,1,1,0,1,0,1,0.19666,0.4844,0.68123,0.25662000000000001,384,1986
29506,Bethany,0,0,0,0,0,0,NA,NA,NA,NA,NA,1986
29601,Columbia,9,7,5,3,0,1,0.29873,0.37413999999999997,0.59877999999999998,0.17710999999999999,3856,1986
29602,Eldon,0,0,0,0,0,0,0.34784999999999999,0.36451,0.66905999999999999,0.096119999999999997,927,1986
29700,Springfield,6,5,4,2,0,1,0.26800000000000002,0.38379999999999997,0.81015999999999999,0.079630000000000006,5626,1986
29800,Aurora,1,1,1,0,0,1,0.32763999999999999,0.37001000000000001,0.72918000000000005,0.10596,1558,1986
29901,Joplin,6,3,1,5,0,1,0.31679000000000002,0.37353999999999998,0.75544,0.16716,3590,1986
29902,Center,0,0,0,0,0,0,0.27775,0.41572999999999999,0.69849000000000006,0.15658,749,1986
30000,Russellville,2,2,1,1,0,1,0.24901000000000001,0.41520000000000001,0.70106000000000002,0.070470000000000005,1833,1986
30100,Fort Smith,4,1,0,4,0,1,0.27886,0.38684000000000002,0.72765999999999997,0.036110000000000003,4492,1986
30200,Muskogee,2,1,0,2,0,1,0.33040999999999998,0.35911999999999999,0.67788000000000004,0.034930000000000003,2138,1986
30300,Fayetteville,3,2,1,2,0,1,0.22448000000000001,0.40500999999999998,0.70135999999999998,0.07979,4580,1986
30401,Stillwater,1,1,0,1,0,1,0.25849,0.41617999999999999,0.79661000000000004,0.16009999999999999,881,1986
30402,Tulsa,9,5,2,4,1,1,0.28405000000000002,0.38207999999999998,0.73172000000000004,0.13256999999999999,12786,1986
30403,Okmulgee,1,1,0,1,0,1,0.29713000000000001,0.37846999999999997,0.58237000000000005,0.22670999999999999,688,1986
30501,Woodward,0,0,0,0,0,0,0.20769000000000001,0.52315999999999996,0.76441000000000003,0.11715,363,1986
30502,Enid,1,1,0,1,0,1,0.24005000000000001,0.47754000000000002,0.77649000000000001,0.19514999999999999,1351,1986
30601,El Paso,4,2,0,3,0,1,0.13722000000000001,0.41900999999999999,0.71509,0.20985999999999999,13254,1986
30602,Alamogordo,1,0,0,0,0,1,0.21393999999999999,0.38782,0.60297000000000001,0.22597,1069,1986
30603,Truth or Consequences,0,0,0,0,0,0,NA,NA,NA,NA,NA,1986
30604,Deming,1,1,0,1,0,1,0.18137,0.39612999999999998,0.61480000000000001,0.19134000000000001,872,1986
30605,Van Horn,0,0,0,0,0,0,NA,NA,NA,NA,NA,1986
30701,Roswell,1,0,0,1,0,1,0.26689000000000002,0.4017,0.65342999999999996,0.24651999999999999,1778,1986
30702,Santa Rosa,0,0,0,0,0,0,NA,NA,NA,NA,NA,1986
30801,Hobbs,1,0,0,1,0,1,0.23669000000000001,0.46683999999999998,0.80501,0.00645,1569,1986
30802,Lubbock,3,2,1,2,0,1,0.27949000000000002,0.38303999999999999,0.91112000000000004,0.01847,3941,1986
30901,Clovis,2,1,0,2,0,1,0.29054999999999997,0.38811000000000001,0.81684999999999997,0.11508,1169,1986
30902,Littlefield,0,0,0,0,0,0,0.29299999999999998,0.42118,0.96211000000000002,0.047570000000000001,498,1986
30903,Amarillo,2,1,0,2,0,1,0.31237999999999999,0.38385999999999998,0.76771,0.15198999999999999,3420,1986
30904,Pampa,0,0,0,0,0,0,0.26144000000000001,0.45645000000000002,0.75258000000000003,0.12359000000000001,835,1986
30905,Wellington,0,0,0,0,0,0,NA,NA,NA,NA,NA,1986
30906,Memphis,1,0,0,1,0,1,NA,NA,NA,NA,NA,1986
30907,Matador,0,0,0,0,0,0,NA,NA,NA,NA,NA,1986
30908,Plainview,1,1,1,0,0,1,0.25098999999999999,0.41042000000000001,0.88187000000000004,0.037490000000000002,865,1986
31001,Garden City,1,0,0,1,0,1,0.21673000000000001,0.46972999999999998,0.74467000000000005,0.18743000000000001,802,1986
31002,Ulysses,0,0,0,0,0,0,0.20382,0.46382000000000001,0.70170999999999994,0.22897000000000001,260,1986
31003,Scott City,0,0,0,0,0,0,NA,NA,NA,NA,NA,1986
31004,Liberal,1,0,0,1,0,1,0.18523999999999999,0.50590000000000002,0.81008000000000002,0.21079999999999999,465,1986
31005,Perryton,0,0,0,0,0,0,0.15346000000000001,0.56518999999999997,0.76365000000000005,0.19148000000000001,281,1986
31006,Guymon,1,1,0,1,0,1,0.098180000000000003,0.51976,0.66359000000000001,0.17669000000000001,389,1986
31007,Dumas,0,0,0,0,0,0,0.25940000000000002,0.47111999999999998,0.75988,0.14258999999999999,465,1986
31101,Victoria,1,0,0,1,0,1,0.24268999999999999,0.43607000000000001,0.80113999999999996,0.15545,2421,1986
31102,La Grange,0,0,0,0,0,0,0.24332000000000001,0.45863999999999999,0.74390000000000001,0.2049,595,1986
31103,Gonzales,0,0,0,0,0,0,0.33433000000000002,0.40084999999999998,0.48641000000000001,0.22961999999999999,273,1986
31201,Austin,6,5,3,3,2,1,0.23393,0.37909999999999999,0.74160000000000004,0.16950000000000001,15319,1986
31202,Burnet,0,0,0,0,0,0,0.22389999999999999,0.42153000000000002,0.67830999999999997,0.16539999999999999,559,1986
31301,San Antonio,10,7,6,2,1,1,0.21925,0.38547999999999999,0.84138000000000002,0.060040000000000003,24722,1986
31302,Beeville,0,0,0,0,0,0,0.24629999999999999,0.43804999999999999,0.73987000000000003,0.18784999999999999,655,1986
31303,Kerrville,1,1,1,0,0,1,0.25740000000000002,0.39330999999999999,0.73645000000000005,0.14058000000000001,820,1986
31304,Mason,0,0,0,0,0,0,NA,NA,NA,NA,NA,1986
31401,Midland,3,2,0,3,0,1,0.18410000000000001,0.51456000000000002,0.84965999999999997,0.03193,4664,1986
31402,Pecos,0,0,0,0,0,0,0.21551000000000001,0.52683999999999997,0.96050000000000002,0.048669999999999998,543,1986
31403,Fort Stockton,0,0,0,0,0,0,0.10970000000000001,0.55335000000000001,0.75754999999999995,0.095699999999999993,309,1986
31404,Alpine,1,1,0,1,0,1,NA,NA,NA,NA,NA,1986
31501,Crystal City,0,0,0,0,0,0,0.20627999999999999,0.41560999999999998,0.67364999999999997,0.054059999999999997,388,1986
31502,Pearsall,0,0,0,0,0,0,0.17926,0.47143000000000002,0.81918000000000002,0.079450000000000007,337,1986
31503,Laredo,2,1,0,2,0,1,0.15347,0.43045,0.85367999999999999,0.048680000000000001,3289,1986
31600,Brownsville,4,3,0,4,0,1,0.12938,0.43364999999999998,0.77364999999999995,0.13244,14136,1986
31700,Corpus Christi,3,2,0,3,0,1,0.18604000000000001,0.43018000000000001,0.74529999999999996,0.13228000000000001,7846,1986
31800,College Station,1,1,0,1,1,1,0.2802,0.37737999999999999,0.77922000000000002,0.12998999999999999,2383,1986
31900,Pearland,3,1,0,3,0,1,0.23005,0.43412000000000001,0.70823000000000003,0.18304999999999999,4677,1986
32000,Houston,17,7,3,10,1,1,0.22922999999999999,0.40154000000000001,0.73134999999999994,0.17313999999999999,61663,1986
32100,Beaumont,4,1,0,4,0,1,0.29859000000000002,0.38818000000000003,0.71757000000000004,0.12322,6925,1986
32201,Huntsville,2,1,0,2,0,1,0.27925,0.39017000000000002,0.81881999999999999,0.063219999999999998,2257,1986
32202,Nacogdoches,1,1,0,1,0,1,0.27944000000000002,0.41143999999999997,0.87173999999999996,0.072340000000000002,1314,1986
32301,San Angelo,1,1,0,1,0,1,0.27222000000000002,0.40432000000000001,0.77451000000000003,0.12737000000000001,1714,1986
32302,Brady,0,0,0,0,0,0,0.40743000000000001,0.40817999999999999,1.0167299999999999,0.03789,337,1986
32303,Junction,0,0,0,0,0,0,NA,NA,NA,NA,NA,1986
32304,Uvalde,1,0,0,1,0,1,0.31290000000000001,0.39901999999999999,0.85294999999999999,0.029499999999999998,563,1986
32305,Del Rio,0,0,0,0,0,0,0.20918999999999999,0.44472,0.84848000000000001,0.053129999999999997,762,1986
32306,Eagle Pass,0,0,0,0,0,0,0.13356999999999999,0.46934999999999999,0.85109000000000001,0.069540000000000005,773,1986
32401,Big Spring,1,0,0,1,0,1,0.28008,0.43741999999999998,0.81677999999999995,0.090270000000000003,792,1986
32402,Sweetwater,1,0,0,1,0,1,0.31569000000000003,0.45005000000000001,0.78574999999999995,0.13872999999999999,306,1986
32403,Snyder,1,0,0,1,0,1,0.29657,0.47586000000000001,0.80842999999999998,0.14746999999999999,362,1986
32501,Abilene,5,3,3,2,0,1,0.25681999999999999,0.41661999999999999,0.81254999999999999,0.13603999999999999,2672,1986
32502,Childress,0,0,0,0,0,0,NA,NA,NA,NA,NA,1986
32503,Haskell,0,0,0,0,0,0,NA,NA,NA,NA,NA,1986
32601,Wichita Falls,1,1,0,1,0,1,0.28331000000000001,0.40475,0.74309000000000003,0.17308000000000001,1917,1986
32602,Graham,0,0,0,0,0,0,0.26633000000000001,0.44655,0.88624000000000003,0.077399999999999997,396,1986
32603,Seymour,0,0,0,0,0,0,NA,NA,NA,NA,NA,1986
32604,Vernon,1,0,0,1,0,1,0.22957,0.44380999999999998,0.74926999999999999,0.20399,310,1986
32701,Brownwood,1,1,1,0,0,1,0.26637,0.42146,0.81881999999999999,0.1293,782,1986
32702,Stephenville,1,1,0,1,0,1,0.26355000000000001,0.44807999999999998,0.73299999999999998,0.15434,710,1986
32801,Waco,4,1,1,3,1,1,0.33872000000000002,0.34586,0.77602000000000004,0.17451,3883,1986
32802,Corsicana,1,0,0,1,0,1,0.2452,0.41813,0.69337000000000004,0.20765,1294,1986
32900,Killeen,3,1,1,2,0,1,0.23619999999999999,0.37989000000000001,0.61209000000000002,0.20699999999999999,4867,1986
33000,Fort Worth,6,4,3,3,1,1,0.25245000000000001,0.39023000000000002,0.72431000000000001,0.17979999999999999,24456,1986
33100,Dallas,13,8,4,6,2,1,0.23760000000000001,0.38745000000000002,0.68628,0.20499999999999999,45316,1986
33200,Paris,2,1,0,2,0,1,0.34359000000000001,0.37008000000000002,0.81635000000000002,0.069279999999999994,2454,1986
33300,Tyler,3,1,0,3,0,1,0.26046000000000002,0.40188000000000001,0.76902999999999999,0.095930000000000001,5527,1986
33400,Longview,4,2,2,2,0,1,0.28965000000000002,0.40236,0.78818999999999995,0.087349999999999997,4015,1986
33500,Texarkana,2,0,0,2,0,1,0.30526999999999999,0.37596000000000002,0.77827999999999997,0.12776999999999999,3179,1986
33601,Lawton,1,1,0,1,0,1,0.24859999999999999,0.40209,0.78495000000000004,0.051670000000000001,2334,1986
33602,Altus,1,0,0,1,0,1,0.1928,0.45439000000000002,0.82323000000000002,0.048649999999999999,692,1986
33603,Frederick,0,0,0,0,0,0,NA,NA,NA,NA,NA,1986
33700,Ardmore,0,0,0,0,0,0,0.21859000000000001,0.44840999999999998,0.61702999999999997,0.14882000000000001,1527,1986
33801,Elk City,1,1,0,1,0,1,0.29167999999999999,0.43769000000000002,0.81821999999999995,-0.00022000000000000001,829,1986
33802,Chickasha,1,1,0,1,0,1,0.30274000000000001,0.40815000000000001,0.82454000000000005,0.065129999999999993,992,1986
33803,Oklahoma City,14,8,4,10,0,1,0.26739000000000002,0.39026,0.74012,0.13411999999999999,15361,1986
33901,Ada,0,0,0,0,0,0,0.30957000000000001,0.41982000000000003,0.51854,0.13002,872,1986
33902,Sherman,3,2,1,2,1,1,0.24829999999999999,0.41012999999999999,0.80776000000000003,0.091370000000000007,2348,1986
34001,Hot Springs,5,2,1,4,0,1,0.29991000000000001,0.36754999999999999,0.75975000000000004,0.13561999999999999,2592,1986
34002,Idabel,2,0,0,2,0,1,0.30725000000000002,0.39194000000000001,0.73116000000000003,0.13411999999999999,1319,1986
34101,Sand Point,0,0,0,0,0,0,NA,NA,NA,NA,NA,1986
34102,Anchorage,1,1,0,1,0,1,0.19747999999999999,0.43872,0.62277000000000005,0.15021999999999999,5804,1986
34103,Valdez,0,0,0,0,0,0,NA,NA,NA,NA,NA,1986
34104,Bristol Bay,0,0,0,0,0,0,NA,NA,NA,NA,NA,1986
34105,Kotzebue,0,0,0,0,0,0,NA,NA,NA,NA,NA,1986
34106,Nome,0,0,0,0,0,0,NA,NA,NA,NA,NA,1986
34107,Dillingham,0,0,0,0,0,0,NA,NA,NA,NA,NA,1986
34108,Kodiak,0,0,0,0,0,0,NA,NA,NA,NA,NA,1986
34109,Juneau,0,0,0,0,0,0,0.26588000000000001,0.37080000000000002,0.57377,0.24052000000000001,626,1986
34110,Sitka,0,0,0,0,0,0,0.15675,0.41453000000000001,0.53154000000000001,0.28891,265,1986
34111,Ketchikan,0,0,0,0,0,0,0.31663000000000002,0.33121,0.64859,0.15906000000000001,334,1986
34112,Bethel,0,0,0,0,0,0,0.30325999999999997,0.26085000000000003,0.46294999999999997,0.068510000000000001,445,1986
34113,Barrow,0,0,0,0,0,0,NA,NA,NA,NA,NA,1986
34114,Unalaska,0,0,0,0,0,0,NA,NA,NA,NA,NA,1986
34115,Fairbanks,0,0,0,0,0,0,0.24551999999999999,0.41647000000000001,0.58021999999999996,0.16936999999999999,1690,1986
34201,Havre,1,1,0,1,0,1,0.38945000000000002,0.33714,0.71477000000000002,0.13438,445,1986
34202,Shelby,0,0,0,0,0,0,0.45932000000000001,0.27417999999999998,0.76471999999999996,0.10281999999999999,465,1986
34203,Great Falls,1,0,0,1,0,1,0.14882999999999999,0.45602999999999999,0.65097000000000005,0.18645999999999999,1311,1986
34204,Lewistown,0,0,0,0,0,0,NA,NA,NA,NA,NA,1986
34301,Cody,1,0,0,1,0,1,0.13291,0.50102999999999998,0.63702000000000003,0.23734,553,1986
34302,Worland,0,0,0,0,0,0,NA,NA,NA,NA,NA,1986
34303,Riverton,1,0,0,1,0,1,0.32590000000000002,0.40336,0.60979000000000005,0.10249999999999999,596,1986
34304,Sheridan,1,0,0,1,0,1,0.31914999999999999,0.35722999999999999,0.8427,0.084169999999999995,627,1986
34305,Miles City,1,0,0,1,0,1,NA,NA,NA,NA,NA,1986
34306,Jordan,0,0,0,0,0,0,NA,NA,NA,NA,NA,1986
34307,Colstrip,0,0,0,0,0,0,NA,NA,NA,NA,NA,1986
34308,Billings,2,2,1,1,0,1,0.21909999999999999,0.43174000000000001,0.70730999999999999,0.14967,2174,1986
34309,Harlowton,0,0,0,0,0,0,NA,NA,NA,NA,NA,1986
34401,Dillon,1,1,0,1,0,1,NA,NA,NA,NA,NA,1986
34402,Bozeman,1,1,0,1,0,1,0.11278000000000001,0.48533999999999999,0.56425000000000003,0.27345999999999998,1165,1986
34403,Helena,2,1,1,1,0,1,0.17014000000000001,0.43742999999999999,0.77873999999999999,0.12124,1009,1986
34404,Butte-Silver Bow,1,1,0,1,0,1,0.20860999999999999,0.42936000000000002,0.85390999999999995,0.041340000000000002,716,1986
34501,Bonners Ferry,0,0,0,0,0,0,NA,NA,NA,NA,NA,1986
34502,Libby,0,0,0,0,0,0,0.13438,0.46761000000000003,0.62000999999999995,0.11817999999999999,276,1986
34503,Kalispell,1,0,0,1,0,1,0.18604999999999999,0.42380000000000001,0.65180000000000005,0.14019999999999999,1588,1986
34504,Missoula,1,1,0,1,0,1,0.18196000000000001,0.41550999999999999,0.68554000000000004,0.11953999999999999,1806,1986
34601,Gillette,0,0,0,0,0,0,0.24781,0.46518999999999999,0.63995999999999997,0.21218999999999999,823,1986
34602,Rawlins,0,0,0,0,0,0,NA,NA,NA,NA,NA,1986
34603,Casper,1,0,0,1,0,1,0.23405999999999999,0.46301999999999999,0.64185999999999999,0.16757,1187,1986
34604,Lusk,0,0,0,0,0,0,NA,NA,NA,NA,NA,1986
34701,Honolulu,4,4,3,1,0,1,0.17061000000000001,0.41052,0.62705,0.25219000000000003,10738,1986
34702,Kapaa,0,0,0,0,0,0,0.18310000000000001,0.40594000000000002,0.67066999999999999,0.18593999999999999,845,1986
34703,Kahului,0,0,0,0,0,0,0.19824,0.38278000000000001,0.53744999999999998,0.23386999999999999,1693,1986
34801,Las Vegas,2,1,0,2,0,1,0.26574999999999999,0.32837,0.54208999999999996,0.27705000000000002,684,1986
34802,Santa Fe,2,1,0,1,0,1,0.17288000000000001,0.37536000000000003,0.70174999999999998,0.12679000000000001,2961,1986
34803,Tucumcari,0,0,0,0,0,0,NA,NA,NA,NA,NA,1986
34804,Clayton,0,0,0,0,0,0,NA,NA,NA,NA,NA,1986
34805,Alamosa,1,1,0,1,0,1,0.2379,0.41459000000000001,0.6089,0.28772999999999999,658,1986
34901,Albuquerque,2,1,0,2,0,1,0.22194,0.36083999999999999,0.71414,0.15428,10186,1986
34902,Socorro,1,1,0,1,1,1,0.23513000000000001,0.38284000000000001,0.84653999999999996,0.075990000000000002,271,1986
35001,Phoenix,14,9,1,3,0,1,0.23175000000000001,0.37363000000000002,0.69979000000000002,0.10814,38817,1986
35002,Safford,1,0,0,1,0,1,0.3538,0.34681000000000001,0.44086999999999998,0.090279999999999999,587,1986
35100,Tucson,3,1,0,2,0,1,0.22214999999999999,0.36665999999999999,0.71196000000000004,0.11613,12009,1986
35201,Grand Junction,1,1,0,1,0,1,0.18287,0.45894000000000001,0.72682000000000002,0.081809999999999994,2498,1986
35202,Gunnison,1,1,0,1,0,1,NA,NA,NA,NA,NA,1986
35300,Farmington,2,1,0,2,0,1,0.25344,0.37540000000000001,0.69438999999999995,0.08412,2822,1986
35401,Flagstaff,2,0,0,2,0,1,0.22578999999999999,0.37784000000000001,0.61058999999999997,0.12623000000000001,3519,1986
35402,Cortez,0,0,0,0,0,0,0.23682,0.4234,0.37620999999999999,0.21440000000000001,537,1986
35500,Gallup,1,0,0,1,0,1,0.26851999999999998,0.28922999999999999,0.55230000000000001,0.081049999999999997,4956,1986
35600,Hilo,0,0,0,0,0,0,0.21331,0.35896,0.58474999999999999,0.21842,2008,1986
35701,Twin Falls,1,0,0,1,0,1,0.2157,0.4274,0.77685999999999999,0.059159999999999997,1737,1986
35702,Burley,0,0,0,0,0,0,0.19514999999999999,0.45552999999999999,0.94886000000000004,-0.0040400000000000002,680,1986
35801,Boise City,3,3,2,1,0,1,0.20757999999999999,0.40427999999999997,0.64748000000000006,0.12008000000000001,6620,1986
35802,Ontario,1,0,0,1,0,1,0.17965999999999999,0.43356,0.73202999999999996,0.080939999999999998,862,1986
35803,McCall,0,0,0,0,0,0,NA,NA,NA,NA,NA,1986
35901,St. George,2,2,0,2,0,1,0.222,0.41661999999999999,0.42515999999999998,0.19825999999999999,1957,1986
35902,Price,1,1,0,1,0,1,0.21035000000000001,0.46489999999999998,0.52305999999999997,0.14455000000000001,992,1986
35903,Moab,0,0,0,0,0,0,NA,NA,NA,NA,NA,1986
35904,Richfield,0,0,0,0,0,0,0.23511000000000001,0.45652999999999999,0.58918000000000004,0.075209999999999999,429,1986
35905,Loa,0,0,0,0,0,0,NA,NA,NA,NA,NA,1986
36000,Provo,2,2,1,1,0,1,0.14577999999999999,0.48065000000000002,0.49091000000000001,0.12814999999999999,5810,1986
36100,Salt Lake City,7,4,2,4,0,1,0.19788,0.44464999999999999,0.58809999999999996,0.10347000000000001,22282,1986
36200,Logan,2,1,0,2,0,1,0.17871999999999999,0.48000999999999999,0.51687000000000005,0.11502999999999999,2385,1986
36301,Pocatello,3,2,1,2,0,1,0.14432,0.46002999999999999,0.59945999999999999,0.15032000000000001,4461,1986
36302,Salmon,0,0,0,0,0,0,NA,NA,NA,NA,NA,1986
36303,Jackson,0,0,0,0,0,0,0.058169999999999999,0.48433999999999999,0.49335000000000001,0.28287000000000001,274,1986
36401,Steamboat Springs,1,0,0,1,0,1,0.11577,0.49686999999999998,0.53900000000000003,0.3115,540,1986
36402,Vernal,0,0,0,0,0,0,0.20854,0.50853000000000004,0.44084000000000001,0.06361,775,1986
36403,Soda Springs,0,0,0,0,0,0,NA,NA,NA,NA,NA,1986
36404,Rock Springs,1,0,0,1,0,1,0.20430000000000001,0.49304999999999999,0.57260999999999995,0.18897,1512,1986
36501,Klamath Falls,4,1,0,4,0,1,0.25384000000000001,0.37352000000000002,0.66957999999999995,0.091649999999999995,2032,1986
36502,Burns,0,0,0,0,0,0,NA,NA,NA,NA,NA,1986
36503,Lakeview,0,0,0,0,0,0,NA,NA,NA,NA,NA,1986
36600,Redding,1,1,1,0,0,1,0.24041999999999999,0.36706,0.35260000000000002,0.064659999999999995,3038,1986
36700,Eureka,2,1,0,2,0,1,0.21379000000000001,0.35152,0.59384999999999999,0.22919999999999999,1723,1986
36800,Medford,2,1,0,2,0,1,0.23300999999999999,0.36867,0.62626999999999999,0.13242000000000001,3338,1986
36901,Crescent City,0,0,0,0,0,0,0.32102000000000003,0.31129000000000001,0.51149,0.16699,601,1986
36902,Roseburg,2,0,0,2,0,1,0.21073,0.37546000000000002,0.66724000000000006,0.10638,2158,1986
37000,Modesto,3,1,0,3,0,1,0.20408999999999999,0.37807000000000002,0.61839,0.18104000000000001,10514,1986
37100,Bakersfield,3,2,0,2,0,1,0.20854,0.41138999999999998,0.74936999999999998,0.057930000000000002,9850,1986
37200,Fresno,7,2,1,4,0,1,0.21240999999999999,0.36192000000000002,0.57640000000000002,0.24271000000000001,20073,1986
37300,Chico,3,1,0,3,0,1,0.22955,0.37148999999999999,0.55169999999999997,0.27193000000000001,5178,1986
37400,Sacramento,9,3,1,6,0,1,0.20899000000000001,0.36828,0.70674999999999999,0.097199999999999995,33406,1986
37500,San Jose,13,5,2,10,2,1,0.16003999999999999,0.40804000000000001,0.62114999999999998,0.27188000000000001,27642,1986
37601,Elko,1,1,0,1,0,1,0.19144,0.48976999999999998,0.67340999999999995,0.10238,1070,1986
37602,Winnemucca,0,0,0,0,0,0,0.16419,0.48802000000000001,0.65707000000000004,0.091630000000000003,398,1986
37603,Portola,1,0,0,1,0,1,0.17122000000000001,0.40688999999999997,0.59260999999999997,0.11107,299,1986
37604,Reno,4,2,0,3,0,1,0.18837000000000001,0.39838000000000001,0.70918000000000003,0.10614999999999999,5511,1986
37700,Santa Rosa,3,1,0,3,0,1,0.19788,0.37784000000000001,0.53520000000000001,0.20679,7357,1986
37800,San Francisco,21,11,6,13,1,1,0.19775000000000001,0.37967000000000001,0.59114,0.29258000000000001,50294,1986
37901,Las Vegas,4,3,0,4,0,1,0.19752,0.38070999999999999,0.60762000000000005,0.11511,17100,1986
37902,Reno,0,0,0,0,0,0,NA,NA,NA,NA,NA,1986
37903,Mammoth Lakes,0,0,0,0,0,0,0.15065000000000001,0.41271999999999998,0.76544999999999996,0.12692999999999999,372,1986
38000,San Diego,10,5,2,8,2,1,0.16644999999999999,0.39792,0.65364999999999995,0.21129000000000001,33537,1986
38100,Yuma,2,0,0,2,0,1,0.19242000000000001,0.39557999999999999,0.57974000000000003,0.157,4543,1986
38200,Santa Barbara,7,4,1,5,2,1,0.16472999999999999,0.40527999999999997,0.65163000000000004,0.23252,7245,1986
38300,Los Angeles,82,45,28,37,12,1,0.16056999999999999,0.38930999999999999,0.65451999999999999,0.20458000000000001,197503,1986
38401,Lewiston,1,1,0,1,0,1,0.28438999999999998,0.38390999999999997,0.74614999999999998,0.10061,1177,1986
38402,Pullman,2,2,0,2,0,1,0.084089999999999998,0.49313000000000001,0.63039999999999996,0.29387999999999997,790,1986
38501,Moses Lake,1,0,0,1,0,1,0.29797000000000001,0.40675,0.68520000000000003,0.10721,1287,1986
38502,Wenatchee,1,0,0,1,0,1,0.27313999999999999,0.37447999999999998,0.80157,0.049660000000000003,1432,1986
38601,Spokane,6,3,2,3,1,1,0.22932,0.39176,0.75804000000000005,0.081199999999999994,8409,1986
38602,Colville,0,0,0,0,0,0,0.23771999999999999,0.36962,0.71274000000000004,0.051889999999999999,1253,1986
38700,Longview,3,0,0,3,0,1,0.26393,0.36429,0.68201999999999996,0.074880000000000002,3035,1986
38801,Portland,13,9,6,5,1,1,0.19999,0.39045999999999997,0.65415999999999996,0.19938,22782,1986
38802,The Dalles,1,0,0,1,0,1,0.17419000000000001,0.41698000000000002,0.67010000000000003,0.16955000000000001,945,1986
38901,Eugene,10,7,4,6,0,1,0.20907999999999999,0.37558000000000002,0.70779000000000003,0.12207,12224,1986
38902,Newport,0,0,0,0,0,0,0.25536999999999999,0.35186000000000001,0.57577,0.15689,840,1986
39000,Yakima,3,1,0,2,0,1,0.25330000000000003,0.38399,0.78037000000000001,0.02869,3614,1986
39100,Kennewick,5,3,2,3,1,1,0.25552999999999998,0.38906000000000002,0.77895999999999999,0.06633,4661,1986
39201,La Grande,1,1,0,1,0,1,0.23888999999999999,0.41021000000000002,0.78680000000000005,0.099580000000000002,592,1986
39202,Enterprise,0,0,0,0,0,0,NA,NA,NA,NA,NA,1986
39203,Bend,1,0,0,1,0,1,0.21962999999999999,0.37772,0.71730000000000005,0.099260000000000001,2024,1986
39204,Condon,0,0,0,0,0,0,NA,NA,NA,NA,NA,1986
39205,John Day,0,0,0,0,0,0,NA,NA,NA,NA,NA,1986
39301,Friday Harbor,0,0,0,0,0,0,NA,NA,NA,NA,NA,1986
39302,Bellingham,3,1,0,3,0,1,0.30903999999999998,0.35098000000000001,0.74078999999999995,0.10789,2060,1986
39303,Port Angeles,1,1,0,1,0,1,0.26156000000000001,0.37852999999999998,0.55935000000000001,0.14449999999999999,1065,1986
39400,Seattle,32,18,7,22,1,1,0.21045,0.40061000000000002,0.70386000000000004,0.12161,48782,1986
